{
    "H6": [
        {
            "fine_tuning_step": 60.0,
            "error_mean": [
                4.734253933839305,
                4.13147489557586,
                3.6479438164427336,
                2.552168033023161,
                3.9281154380090832,
                2.858490290713167,
                2.899085531358647,
                3.3228478105296055,
                3.834728216628225
            ],
            "meta_epochs": [
                200,
                400,
                600,
                800,
                1000,
                1200,
                1400,
                1600,
                1800
            ]
        },
        {
            "fine_tuning_step": 120.0,
            "error_mean": [
                3.785799621808472,
                2.282105135790413,
                2.135950103021589,
                2.624486624053013,
                2.5642420390861176,
                2.322983282041058,
                2.000170671159651,
                2.6000674147810265,
                1.6942385021367912
            ],
            "meta_epochs": [
                200,
                400,
                600,
                800,
                1000,
                1200,
                1400,
                1600,
                1800
            ]
        },
        {
            "fine_tuning_step": 180.0,
            "error_mean": [
                2.7058992321862263,
                2.483437137740907,
                2.758520437585954,
                1.8654816889251968,
                2.1089295656846474,
                2.127539621012975,
                1.7269491950639981,
                1.7772319004984993,
                1.9636846401760444
            ],
            "meta_epochs": [
                200,
                400,
                600,
                800,
                1000,
                1200,
                1400,
                1600,
                1800
            ]
        },
        {
            "fine_tuning_step": 240.0,
            "error_mean": [
                3.0729888121086013,
                2.145509971119619,
                2.3782506434977257,
                1.787991486561058,
                2.345856645380451,
                1.8451713081746313,
                1.863290161716602,
                2.1133526244985212,
                1.5819453125884841
            ],
            "meta_epochs": [
                200,
                400,
                600,
                800,
                1000,
                1200,
                1400,
                1600,
                1800
            ]
        },
        {
            "fine_tuning_step": 300.0,
            "error_mean": [
                2.477263538210206,
                3.674020669312661,
                1.6158407625970206,
                1.8108482239003187,
                1.7665312913965892,
                1.8905264021094048,
                2.0051936101253,
                1.7189012435352424,
                1.343313225327769
            ],
            "meta_epochs": [
                200,
                400,
                600,
                800,
                1000,
                1200,
                1400,
                1600,
                1800
            ]
        },
        {
            "fine_tuning_step": 360.0,
            "error_mean": [
                2.858605023929872,
                1.8593853422217421,
                1.4926157827166442,
                1.6467218900029224,
                1.9154356417803164,
                1.641704920606113,
                1.592181231972134,
                1.407523858681703,
                1.3809738359769064
            ],
            "meta_epochs": [
                200,
                400,
                600,
                800,
                1000,
                1200,
                1400,
                1600,
                1800
            ]
        },
        {
            "fine_tuning_step": 420.0,
            "error_mean": [
                2.860481689986649,
                1.7704940975491468,
                1.797887367315898,
                1.4713163275383856,
                1.2046291925336128,
                1.3538112621467313,
                1.6262842595011762,
                1.732602938918859,
                1.2179989977654238
            ],
            "meta_epochs": [
                200,
                400,
                600,
                800,
                1000,
                1200,
                1400,
                1600,
                1800
            ]
        },
        {
            "fine_tuning_step": 540.0,
            "error_mean": [
                2.6374603181302803,
                1.7630080411783489,
                1.5693202203275192,
                1.414911064630875,
                1.733243607626278,
                1.3623400655426998,
                1.3243049023357045,
                0.8914265415782552,
                1.6819679177686453
            ],
            "meta_epochs": [
                200,
                400,
                600,
                800,
                1000,
                1200,
                1400,
                1600,
                1800
            ]
        }
    ]
}