{
    "H3p": {
        "reptile": {
            "error_mean": [
                0.6081536684098721,
                0.5157288458428999,
                0.4408696661261313,
                0.4328249833642328,
                0.39874862223441276,
                0.25576415000536645,
                0.3477967160899542,
                0.3203805685003447
            ],
            "error_std": [
                0.07495256054647743,
                0.2332248678686171,
                0.14450072690955557,
                0.14860562727010002,
                0.05760102951350459,
                0.2364835927837235,
                0.0561434887848864,
                0.03823457942776931
            ],
            "std_mean": [
                0.19698972568192225,
                0.190599998869797,
                0.1611692691844364,
                0.19293001284922157,
                0.13835661892670725,
                0.21737876989132232,
                0.06513917479090023,
                0.05121829464390291
            ],
            "std_std": [
                0.04292838932613187,
                0.07442588638126187,
                0.054020404454741065,
                0.04930795251484816,
                0.024276624848329473,
                0.22334257101961957,
                0.01143340683645963,
                0.013194872468184324
            ],
            "epochs": [
                8,
                16,
                32,
                64,
                128,
                256,
                512,
                1024
            ]
        },
        "reptilerand": {
            "error_mean": [
                0.9846840418375136,
                0.6048231434509388,
                0.559730549361892,
                0.5129939088937441,
                0.42669891752211697,
                0.40054418330228714,
                0.3839674590441433,
                0.3418704578528997
            ],
            "error_std": [
                0.35781484384735324,
                0.16875814662103922,
                0.1820673968610063,
                0.15650903288017046,
                0.11143932825039811,
                0.09434445529934482,
                0.10708248443341209,
                0.07778465510930603
            ],
            "std_mean": [
                0.12372701636266818,
                0.09493046628649367,
                0.09384826205365718,
                0.10848879575268697,
                0.09571938038799441,
                0.11104303038192902,
                0.08604420495091122,
                0.0627837407131375
            ],
            "std_std": [
                0.024860004373460507,
                0.017159196618474325,
                0.017838281790094515,
                0.03686936946836507,
                0.025002772396873152,
                0.05617744485103518,
                0.037308614787465846,
                0.014916426946666936
            ],
            "epochs": [
                8,
                16,
                32,
                64,
                128,
                256,
                512,
                1024
            ]
        },
        "independent": {
            "error_mean": [
                7.570439514203242,
                4.5654135308025765,
                3.1942946538230372,
                1.9433381967322028,
                0.8456432962134386,
                0.49471746611260414,
                0.4439739566173273,
                0.36206255235615714
            ],
            "error_std": [
                0.669740667772169,
                0.6961304169168347,
                0.9082014586491298,
                0.6425009935823714,
                0.494021399973214,
                0.23281948922579293,
                0.3111128635471649,
                0.1362273826269082
            ],
            "std_mean": [
                0.546758470703726,
                0.625341133307557,
                0.5552212047535464,
                0.33724458477337366,
                0.24888884910191883,
                0.19838095293168653,
                0.23197197331120387,
                0.13063765369617955
            ],
            "std_std": [
                0.1267406304447211,
                0.19332960517522746,
                0.22905265647862572,
                0.16161789272895383,
                0.1606472922332567,
                0.11324442224505217,
                0.11869833405055041,
                0.053271718264829925
            ],
            "epochs": [
                8,
                16,
                32,
                64,
                128,
                256,
                512,
                1024
            ]
        }
    }
}