{
    "H10": {
        "samples": [
            64,
            128,
            256,
            512,
            1024,
            2048
        ],
        "time_per_step": [
            0.04769101850772188,
            0.07073709514494408,
            0.12940733127137857,
            0.2430001877969241,
            0.4569466951321102,
            0.9999999999999997
        ]
    }
}