{
    "H10": {
        "weight_sharing_smaller": {
            "error_mean": [
                4.611403334483192,
                3.029547892270216,
                1.9968015358036741,
                1.2125288028616734,
                0.5294906718112319,
                0.19502050340727467,
                -0.023785556056889746
            ],
            "error_std": [
                6.566994045279294,
                4.007804357728726,
                2.3654016326878557,
                1.489021287395914,
                0.7791381766272762,
                0.5365145664071008,
                0.38848852066120204
            ],
            "error_25percentile": [
                0.5801576756594429,
                0.1773908892819698,
                0.12174399291966512,
                -0.09604249694801226,
                -0.1787275847165759,
                -0.3348970325927958,
                -0.4266352232663806
            ],
            "error_75percentile": [
                18.950830056640193,
                12.265334680053282,
                7.242941656494215,
                4.338403433593373,
                2.235408514770131,
                1.149034236084123,
                0.7567879897462324
            ],
            "std_mean": null,
            "std_std": null,
            "std_25percentile": null,
            "std_75percentile": null,
            "epochs": [
                256,
                512,
                1024,
                2048,
                4096,
                8192,
                16384
            ]
        },
        "independent": {
            "error_mean": [
                19.821498704993207,
                15.719869862432065,
                11.8633975153384,
                7.928495821745499,
                4.35582451198412
            ],
            "error_std": [
                5.681824520289692,
                5.549600157775536,
                4.972977590506151,
                3.3881314679880075,
                2.372013089316005
            ],
            "error_25percentile": [
                12.529802322387695,
                7.919216156005859,
                5.447673797607422,
                3.631162643432617,
                2.379322052001953
            ],
            "error_75percentile": [
                29.015207290649414,
                24.918889999389645,
                21.136426925659176,
                11.856460571289062,
                8.552837371826172
            ],
            "std_mean": [
                0.47807441716608795,
                0.44020192130752234,
                0.39207176669784216,
                0.3199313114518705,
                0.273630757694659
            ],
            "std_std": [
                0.24785001265444134,
                0.11894443475505606,
                0.1256042107681452,
                0.09677107893625657,
                0.07222467009808853
            ],
            "std_25percentile": [
                0.3247782289981842,
                0.3380144119262695,
                0.2982664734125137,
                0.23708315789699555,
                0.18242958635091783
            ],
            "std_75percentile": [
                0.8066570460796353,
                0.6500904142856597,
                0.5850311756134032,
                0.43959620594978327,
                0.41320956349372856
            ],
            "epochs": [
                63,
                127,
                255,
                511,
                1023
            ]
        },
        "reptile": {
            "error_mean": [
                7.370886595352836,
                5.195907924486243,
                3.430988477623981,
                2.4584065312924595,
                1.7371799634850544
            ],
            "error_std": [
                3.152819528987608,
                2.388131988035862,
                1.384577005337956,
                1.156913964793657,
                0.8194608513315246
            ],
            "error_25percentile": [
                3.5760879516601562,
                2.0040512084960938,
                1.5924453735351562,
                0.6155014038085938,
                0.6458759307861328
            ],
            "error_75percentile": [
                11.520147323608398,
                8.136463165283203,
                5.114650726318359,
                4.31075096130371,
                3.0248165130615225
            ],
            "std_mean": [
                0.2846608524737151,
                0.25395473902640137,
                0.240476430758186,
                0.21620759691881097,
                0.20159117229606793
            ],
            "std_std": [
                0.050809033257619256,
                0.03569903543406034,
                0.05246959045542179,
                0.028019688827571266,
                0.02081377532817784
            ],
            "std_25percentile": [
                0.2449231430888176,
                0.2151681587100029,
                0.20261506885290145,
                0.18770041763782502,
                0.18303588330745696
            ],
            "std_75percentile": [
                0.32437801361083984,
                0.31567589640617366,
                0.33859228491783133,
                0.2666285946965217,
                0.23510029613971709
            ],
            "epochs": [
                63,
                127,
                255,
                511,
                1023
            ]
        }
    }
}