{
    "H10": {
        "independent": {
            "samples": [
                64,
                128,
                256,
                512,
                1024,
                2048
            ],
            "normerror_mean": [
                5.675494167091065,
                5.007077548417189,
                4.340464824060809,
                3.5587741134026025,
                2.2903175139575724,
                1.0
            ],
            "normerror_std": [
                3.2883688554714423,
                3.9518405857440735,
                3.997840198994755,
                4.082301274344611,
                0.7918022630532146,
                0.5445612151706108
            ],
            "normerror_25percentile": [
                4.139706617293587,
                3.329291626408251,
                2.6805108019476345,
                1.9546622814741483,
                1.6246067367599393,
                0.6183478422282617
            ],
            "normerror_75percentile": [
                6.149268685060995,
                5.062329546265843,
                4.571022984183797,
                3.7263982560768394,
                2.8318546794160904,
                1.1739687102869572
            ],
            "error_mean": [
                24.721456610638164,
                21.80995111880095,
                18.906303074048914,
                15.501395515773607,
                9.976221167522928,
                4.35582451198412
            ],
            "error_std": [
                14.323557665107677,
                17.21352409083772,
                17.41389033377683,
                17.78178795609427,
                3.44895170605169,
                2.372013089316005
            ],
            "error_25percentile": [
                18.031835556030273,
                14.501810073852539,
                11.675834655761719,
                8.514165878295898,
                7.076501846313477,
                2.6934146881103516
            ],
            "error_75percentile": [
                26.78513526916504,
                22.05061912536621,
                19.910573959350586,
                16.231536865234375,
                12.335062026977539,
                5.1136016845703125
            ],
            "std_mean": [
                0.38657164573669434,
                0.3882946462734886,
                0.35391738622084906,
                0.4335423759792162,
                0.36593384716821753,
                0.273630757694659
            ],
            "std_std": [
                0.03894373384184007,
                0.06032704289927742,
                0.04574394911204919,
                0.22530565301051578,
                0.0733425526971432,
                0.07222467009808853
            ],
            "std_25percentile": [
                0.3640991747379303,
                0.3502741754055023,
                0.3252631425857544,
                0.325033500790596,
                0.30608806014060974,
                0.2201642096042633
            ],
            "std_75percentile": [
                0.3995262086391449,
                0.41029106080532074,
                0.3843384236097336,
                0.4218997359275818,
                0.3900204002857208,
                0.3232603669166565
            ]
        },
        "reptile": {
            "samples": [
                64,
                128,
                256,
                512,
                1024,
                2048
            ],
            "normerror_mean": [
                5.823503437082299,
                3.8981525682642735,
                2.90388103876265,
                2.10502195913691,
                1.6144739354592326,
                1.0
            ],
            "normerror_std": [
                1.6052672707178546,
                1.4571320800725533,
                1.0103684004583535,
                0.8740718253810829,
                0.6266103343953887,
                0.4717190323146246
            ],
            "normerror_25percentile": [
                4.745232241741455,
                2.9013509642925337,
                2.2068932594997133,
                1.3712108554515945,
                1.1276016803513462,
                0.7353565972885239
            ],
            "normerror_75percentile": [
                6.859622637005919,
                4.504642447966393,
                3.4947966392973076,
                2.5115762841321363,
                2.015848768378843,
                1.283923286232576
            ],
            "error_mean": [
                10.116473488185717,
                6.771792536196501,
                5.044563956882643,
                3.656801970108696,
                2.804631772248641,
                1.7371799634850544
            ],
            "error_std": [
                2.788638138729396,
                2.5313006536533393,
                1.7551917410146956,
                1.5184200616988244,
                1.088534917824339,
                0.8194608513315246
            ],
            "error_25percentile": [
                8.243322372436523,
                5.040168762207031,
                3.833770751953125,
                2.382040023803711,
                1.9588470458984375,
                1.2774467468261719
            ],
            "error_75percentile": [
                11.916399002075195,
                7.825374603271484,
                6.0710906982421875,
                4.363059997558594,
                3.50189208984375,
                2.230405807495117
            ],
            "std_mean": [
                0.30120469435401587,
                0.2765805015097494,
                0.24428731591805167,
                0.23818144850108935,
                0.2233398789944856,
                0.20159117229606793
            ],
            "std_std": [
                0.04327878100776009,
                0.04414550075725826,
                0.029234342097259978,
                0.030718948713081652,
                0.02348178939017479,
                0.02081377532817784
            ],
            "std_25percentile": [
                0.25864696502685547,
                0.2512410879135132,
                0.22414108365774155,
                0.21982046961784363,
                0.2079145535826683,
                0.1901751086115837
            ],
            "std_75percentile": [
                0.329163521528244,
                0.2951570600271225,
                0.25794656574726105,
                0.25398875772953033,
                0.23344868421554565,
                0.2048099860548973
            ]
        }
    }
}